 TESLA 100D 4x4 - EU - autopilot wer. 2.5 - FV 23%	350550,00zł
 TESLA MODEL X 100D JEDYNA TAKA NA ŚWIECIE!	289000,00zł
 Tesla model X 100 525 kM nie rejestrowana	200000,00zł
 TESLA MODEL S 85D Darmowe ładowanie!	179000,00zł
 TESLA MODEL S (5YJS) P85D AWD 772 KM	175000,00zł
 TESLA MODEL S (5YJS) 85 421 KM	149900,00zł
 TESLA MODEL S (5YJS) P85 421 KM BRUTTO	134900,00zł
 HP Q2N66A - HPE NVIDIA Tesla V100 SXM2 16GB Module (Q2N66A)	47690,49zł
 PNY Tesla V100 32GB HBM2 (TCSV100M32GBPB)	42642,91zł
 HP Q0C71A - HPE NVIDIA Tesla P100 SXM2 16GB Module (Q0C71A)	38545,83zł
 PNY Nvidia Tesla V100 Modul 16GB (TCSV100MPCIEPB)	38424,17zł
 PNY Tesla P40M 24GB (TCSP40M24GBPB)	31256,28zł
 PNY NVidia Tesla P100 16GB (TCSP100M-16)	30999,00zł
 HP Q0V80A - HPE NVIDIA Tesla P40 24GB Module (Q0V80A)	29215,08zł
 PNY NVidia Tesla M40 24GB (TCSM40M-24GB-PB)	27500,00zł
 PNY NVidia Tesla P100 12GB (TCSP100M-12)	25999,00zł
 Lenovo 00YL377 - NVidia Tesla M60 GPU, PCIe (active) (00YL377)	25831,99zł
 Lenovo 00KG655 - NVIDIA Tesla M60 GPU, PCIe (passive) (00KG655)	25831,99zł
 PNY Tesla M40M 12GB (TCSM40MPB)	25820,43zł
 PNY Tesla M40 (TCSM40M12)	23999,00zł
 HP 805133-B21 - HP MultiGPU Carrier 2 Tesla M6 FIO Adptr (805133B21)	23911,70zł
 HP M3X67A - HPE NVIDIA Tesla M60 RAF Dual GPU Module (M3X67A)	23898,41zł
 HP 872629-B21 - HPE BladeSystem NV Tesla M60 FIO Kit (872629B21)	23898,41zł
 HP J0X21A - HPE NVIDIA Tesla M60 Dual GPU Module (J0X21A)	23898,41zł
 PNY Tesla P100 12GB (TCSP100M12GBPB)	23034,01zł
 PNY Tesla M60 (TCSM60CARDLONGPB)	23034,01zł
 PNY Tesla M60 (TCSM60ML2RPB)	23034,01zł
 PNY Tesla M60 (TCSM60MR2LPB)	23034,01zł
 PNY Tesla M60 (TCSM60CARDSHORTPB)	23034,01zł
 PNY Tesla K80 24GB (TCSK80MPB)	22900,00zł
 Lenovo 47C2137 - NVIDIA Tesla K40 for Flex System PCIe Expansion Node (47C2137)	20543,54zł
 PNY Tesla K40C 12GB (TCSK40CARDPB)	17800,31zł
 HP F1R08AR - HP NVIDIA Tesla K40 12GB Reman Module (F1R08AR)	16925,61zł
 PNY Tesla K40M (TCSK40MPB)	16500,00zł
 PNY Tesla M10M (TCSM10MPB)	12152,00zł
 HP 826042-B21 - HPE SY 480 NVIDIA Tesla M6 FIO Mezz Card (826042B21)	11670,08zł
 HP 869224-B21 - HPE SY 480 NVIDIA Tesla M6 Mezz Card (869224B21)	11337,79zł
 HP 805132-B21 - NVIDIA Tesla M6 Mezzanine GPU FIO Adptr (805132B21)	11324,50zł
 PNY Technologies Nvidia Tesla T4 16GB GDDR6 (RTCST4M-PB)	11198,41zł
 HP Q0J62A - NVIDIA Tesla M10 Quad GPU Module (Q0J62A)	10420,66zł
 PNY Tesla P4M 4GB (TCSP4MPB)	9700,00zł
 PNY Tesla M4 (TCSM4M)	8600,00zł
 HP P9U90A - HPE NVIDIA Tesla M4 4GB Module (P9U90A)	7576,25zł
 Tesla SLE-AT42 kopalniany	7172,13zł
 Tesla SLE-AT43 kopalniany	6312,36zł
 Interactive zestaw Tesla LED	4999,00zł
 Tesla SLE-AT34 przemysłowy	3614,97zł
 Tesla SLE-AT35 przemysłowy	3493,20zł
 Tesla SLE-AT32 przemysłowy	3482,13zł
 AliExpress  Android nawigacja GPS z Bluetooth samochodowe stereo dla Dodge RAM 2014-2018 1920*1080 4 + 64G Tesla	3422,96zł
 Polstar Tesla 73 Plus	3234,00zł
 Tesla SLE-AT33 przemysłowy	3232,44zł
 Polstar Tesla 73	3050,00zł
 Polstar Tesla 55 Plus	2398,00zł
 7.0 Tesla MRI Brain Atlas: In-Vivo Atlas with Cryomacrotome Correlation	2361,03zł
 Tesla SLE-AT27 przemysłowy	2313,63zł
 Tesla SLE-AT38 przemysłowy	2127,90zł
 Jazda Teslą X 100D Po Mieście Wrocław	1999,00zł
 Polstar Tesla 55	1967,00zł
 Tesla SLE-AT39 przemysłowy	1889,28zł
 Kjust Tesla Model X 2016+ Torby Do Bagażnika 7 Szt	1829,00zł
 Tesla SLE-AT40 przemysłowy	1778,58zł
 Beyerdynamic DT 1770 Pro	1739,00zł
 Tesla Hyperlight Eyewear - Czarny Węgiel	1677,00zł
 Tesla Hyperlight Eyewear - Brązowy Turmalin	1677,00zł
 Tesla Hyperlight Eyewear - Niebieski Tytan	1677,00zł
 Tesla Hyperlight Eyewear - Brązowy Turmalin	1677,00zł
 Tesla Robostar IQ500	1669,00zł
 Tesla SLE-AT36 przemysłowy	1656,81zł
 Kjust Tesla Model S, 2012- Torby Do Bagażnika 6 Szt - 7050001	1599,00zł
 Inventions, Researches and Writings of Nikola Tesla (Martin Thomas Commerford)	1554,66zł
 Zepter OKULARY FULERENOWE Tesla MODEL TLW-001BLU	1509,00zł
 Zepter OKULARY FULERENOWE Tesla MODEL TLW-107BR	1509,00zł
 Zepter OKULARY FULERENOWE Tesla MODEL THE-0201BK	1509,00zł
 Zepter OKULARY FULERENOWE Tesla MODEL TLW-107BL	1509,00zł
 Zepter OKULARY FULERENOWE Tesla MODEL THE-0201BN	1509,00zł
 Kjust Tesla Model X 2016+ Torby Do Bagażnika 5 Szt	1409,00zł
 Tesla SLE-AT37 przemysłowy	1255,00zł
 Tesla RoboStar T80 Pro	1199,00zł
 Kjust Tesla Model S, 2012- Torby Do Bagażnika 4 Szt - 7050002	1149,00zł
 NRF CHŁODNICE,NAGRZEWNICE NRF 58790	1003,95zł
 Alveus Tesla Monarch Złota 1129050	999,00zł
 Tesla Robostar T60 Czarny	979,00zł
 Tesla RoboStar T60 biały	978,99zł
 NISSENS CHŁODNICA TESLA S 12- 606454	939,93zł
 Alveus Tesla złota 1091616	919,00zł
 Alveus Tesla miedziany 1091615	919,00zł
 GREEN CELL KABEL  GC TYPE 2 DO ŁADOWANIA EV TESLA LEAF IONIQ KONA E-TRON ZOE 22KW 7 METRÓW Z FUTERAŁEM EV02 	899,95zł
 Alveus Tesla Monarch Miedź 1129049	899,00zł
 Purpurowa Płytka Tesli 30X30 Cm	899,00zł
 Tesla RoboStar T50	899,00zł
 Tesla RoboStar T40	823,00zł
 Seine Werke, 6 Bde.: Gesamtausgabe	776,00zł
 Imperium Light Tesla Czarna 107315 05 (1073150505)	772,00zł
 Tesla RoboStar T30	749,00zł
 AliExpress  Nobsound 12AX7 (Tesla/JJECC83) zawór i wzmacniacz lampy elektronowej Stereo Hi-Fi stereofoniczny	655,54zł
 Beyerdynamic Dt1770 Tesla 2.0	629,00zł
 Tesla RoboStar T10	599,00zł
 Jazda ulicami miast: Tesla S85 Ilość okrążeń - 2 Miejsce  - Gliwice ulicami  Usiądziesz jako - Pasażer	598,00zł
 Jazda ulicami miast: Tesla S85 Ilość okrążeń - 2 Miejsce  - Gliwice ulicami  Usiądziesz jako - Kierowca	598,00zł
 Labra Tesla 1-0293	591,85zł
 Ideal Lux Tesla Pt4 Big Bianco 153179	581,80zł
 Signal Ława Tesla Szkło 120X60X42	559,00zł
 Lampa stojąca Tesla PT4 Big 153162 -Ideal Lux	552,00zł
 Ideal Lux Tesla Pt4 Big Antracite 153162	552,00zł
 Tesla Mediabox X900 Pro Czarny	549,00zł
 Labra Tesla KN 1-0292	527,58zł
 Ideal Lux Tesla Pt4 Small Bianco 153209	500,10zł
 Ideal Lux Tesla Pt4 Small Antracite 153193	500,10zł
 Tesla EliteCook K70	499,00zł
 BREMBO KLOCKI HAMULC. JEEP GRAND CHEROKEE  10- TYŁ P30074	440,70zł
 Tesla Teh-500 Plus	429,00zł
 BREMBO TARCZA HAM.PRZOD TESLA S 09.N265.21	422,00zł
 BREMBO TARCZA HAM.TYL TESLA S 09.N266.21	420,08zł
 Demonia TESLA-102	406,00zł
 Brembo Klocki Hamulcowe Cadillac Sts 05- Przód P09004	400,30zł
 Tesla Primesound Hq-880 Czarny	399,00zł
 Tesla PrimeSound HQ-880 czarny	399,00zł
 Deutsche, amerikanische und britische Patente. German, American and British Patents	384,21zł
 Demonia TESLA-106	384,00zł
 Demonia TESLA-107	384,00zł
 Zestaw Łożysk Koła Skf Vkba 7127	375,17zł
 Jazda Zapoznawcza Teslą Poznań	350,00zł
 Jazda Zapoznawcza Teslą Warszawa	350,00zł
 Tesla MediaBox X500 Czarny	349,00zł
 Akasa Tesla - Ucff - Intel Nuc Głośna Loga - (A-NUC07-M1B)	324,89zł
 Akasa Tesla H UCFF Intel NUC (A-NUC05-M1B)	317,89zł
 Jazda Zapoznawcza Teslą Wrocław	315,00zł
 Klocki hamulcowe (kpl. na oś)                           TEXTAR 2332502	310,05zł
 Jazda Zapoznawcza Teslą Bydgoszcz	299,00zł
 Jazda ulicami miast: Tesla S85	299,00zł
 Poznaj Samochód Przyszłości Tesla Model S Warszawa Okolice	299,00zł
 Auhilon Deco Lighting Lampa Wisząca Tesla Iii	299,00zł
 Auhilon Tesla Iii 3Pł Deco Lighting  Industrialna Regulowana Harmonijka Szara (P24383L)	299,00zł
 Prodigal Genius: The Life of Nikola Tesla	277,27zł
 Strategies for Autonomous, Connected and Smart Mobility in the Automotive Industry. a Comparative Analysis of BMW Group and Tesla Motors Inc. (Kauerho	266,83zł
 Imperium Light Tesla Czarna 78115 05 (781150505)	257,00zł
 Tesla PrimeSound HQ-220 czarny	249,00zł
 Tesla Primesound Hq-220 Czarny	249,00zł
 Auhilon Tesla I 1Pł Deco Lighting Industrialna Regulowana Harmonijka Szara (P24381L)	249,00zł
 Auhilon Tesla 1 Punktowa P2438 1L P24381L	199,20zł
 Auhilon P24383L (P24381L)	247,00zł
 Tesla Nutrition Iso Zero 100 2000G	238,03zł
 Nikola Tesla - Nikola Tesla: Lectures and Patents	233,33zł
 Akasa Tesla T Ucff Intel Nuc Oem Bez Loga (A-NUC11-M1B)	232,89zł
 TESLA Przewody zapłonowe - zestaw T114C	226,98zł
 TESLA Przewody zapłonowe - zestaw T941C	220,19zł
 Tilbury The Ultimate Tesla Coil Design and Constru	219,17zł
 Tesla Duplex T2	219,00zł
 TESLA : MAN OUT OF TIME	218,50zł
 Nikola Tesla Collected Articles and Lectures	216,02zł
 Nikola Tesla	208,67zł
 TESLA Przewody zapłonowe - zestaw T854C	207,58zł
 The Tesla Way	204,50zł
 Tesla Evolution (Lingane Mark)	199,67zł
 Auhilon Tesla 1 Punktowa P2438 1L P24381L	199,20zł
 BREMBO Klocki hamulcowe P 59 079	197,82zł
 The Illustrated Tesla	197,81zł
 Nikola Tesla - Nikola Tesla: Lectures and Patents	195,50zł
 Elon Musk and Tesla	193,83zł
 The Inventions, Researches And Writings Of Nikola Tesla With Special Reference To His Work In Polyphase Currents And High Potential Lighting	189,83zł
 Collected Tesla Writings; Scientific Papers and Articles by Tesla and Others about Tesla's Work Primarily in the Field of Electrical Engineering	181,50zł
 Tesla SlowCook S600	179,90zł
 Eric Thomsen - Tesla	177,50zł
 The Ultimate Tesla Coil Design and Construction Guide	177,17zł
 Veronese Nikola Tesla Trzymający Model Wieży	174,00zł
 NIKOLA TESLA TRZYMAJĄCY MODEL WIEŻY VERONESE WU76912A4	174,00zł
 The Nikola Tesla Treasury	172,33zł
 Tesla Bateria dla RoboStar T50/T60/T80 PRO 102432	169,00zł
 Purpurowa płytka Tesli	169,00zł
 Tesla Bateria do RoboStar T10/T30/T40 102104	169,00zł
 The Nikola Tesla Treasury	167,83zł
 William Hrdina The Gospels of Nikola Tesla	161,23zł
 Baldocer Tesla Code Silver 40X120	159,90zł
 Tesla Senior T2	159,00zł
 TESLA Przewody zapłonowe - zestaw T819C	158,11zł
 TESLA Przewody zapłonowe - zestaw T578C	158,11zł
 TESLA Przewody zapłonowe - zestaw T584B	157,14zł
 Auhilon Tesla 3 Punktowa P2438 3L P24383L	157,00zł
 Deco Lighting Auhilon Tesla Iii (P24383L)	156,98zł
 TESLA Przewody zapłonowe - zestaw T865C	156,17zł
 TESLA Przewody zapłonowe - zestaw T855C	155,20zł
 TESLA Przewody zapłonowe - zestaw T845B	155,20zł
 REZAW-PLAST Tesla Model S od 2012 dywaniki gumowe, 3 szt, REZAW-PLAST 204001 204001	155,00zł
 Nikola Tesla: Colorado Springs Notes, 1899-1900	152,33zł
 My Inventions (Tesla Nikola)(Paperback)	152,33zł
 Waffentechnologie. Theorien und verschiedene Artikel (Tesla Nikola)(Twarda)(niemiecki)	151,96zł
 Selected Tesla Writings	149,15zł
 Jon Gibson: Violet Fire an opera about Nikola Tesla [2CD]	149,15zł
 BOSCH KLOCKI HAMULCOWE BOSCH 0986494880	148,81zł
 Experiments with Alternate Currents of High Potential and High Frequency (Tesla Nikola)	147,83zł
 TESLA Przewody zapłonowe - zestaw T080B	146,47zł
 TESLA Przewody zapłonowe - zestaw T881C	145,50zł
 CUB ELECPARTS INC Czujnik cićnienia powietrza w oponie TPMS do TESLA MODEL X 09/2015-12/2017 433MHZ 	145,00zł
 CUB ELECPARTS INC Czujnik ciśnienia powietrza w oponie TPMS TESLA MODEL S 10/2014-12/2015 433mhz 	145,00zł
 Czujnik Ciśnienia Tesla Model S 2013 - 2013	145,00zł
 Veronese Nikola Tesla Popiersie	145,00zł
 Czujnik Ciśnienia Tesla Roadster 2010 - 2012	145,00zł
 CUB ELECPARTS INC Czujnik ciśnienia powietrza w oponie TPMS TESLA MODEL X 2016-2017 433mhz 	145,00zł
 CUB ELECPARTS INC Czujnik ciśnienia powietrza w oponie TPMS TESLA Model S 01/2013-12/2013 433MHz 	145,00zł
 CUB ELECPARTS INC Czujnik ciśnienia powietrza w oponie TPMS TESLA MODEL S 1/2014-9/2014 433mhz 	145,00zł
 CUB ELECPARTS INC Czujnik ciśnienia powietrza w oponie TPMS TESLA Model S 10/2014-12/2015 433MHz 	145,00zł
 Teslas grandios verrckte und komplett gemeingefhrliche Weltmaschine (Shusterman Neal)(Twarda)(niemiecki)	144,50zł
 Selected Tesla Writings	143,17zł
 The Inventions, Researches and Writings of Nikola Tesla (Martin Thomas Commerford)	143,00zł
 TESLA Przewody zapłonowe - zestaw T053B	142,59zł
 Teslas Round Up	139,17zł
 Tesla Te-300	139,00zł
 TESLA Przewody zapłonowe - zestaw T035B	138,71zł
 Tesla and the Lemurian Gate	137,56zł
 Meine Erfindungen. Das Problem der Steigerung der menschlichen Energie (Tesla Nikola)(Twarda)(niemiecki)	137,33zł
 Nikola Tesla (Tesla Nikola)	137,00zł
 Tesla - Five Man Lonon Jam - Live (Winyl)	134,90zł
 TESLA Przewody zapłonowe - zestaw T942C	133,86zł
 Tesla FBI Files	133,26zł
 A.B.S. Klocki Hamulcowe Tesla M 12- Tył 35052	131,27zł
 The Essential Tesla: A New System of Alternating Current Motors and Transformers, Experiments with Alternate Currents of Very High Frequenc	131,00zł
 Tesla	130,67zł
 Very Truly Yours, Nikola Tesla (Tesla Nikola)	130,00zł
 Tesla	129,12zł
 Tesla Podstawa ładująca RoboStar T50/T60 103463	129,00zł
 Tesla Podstawa ładująca RoboStar T10, T30, T40 102118	129,00zł
 Nikola Tesla: Colorado Springs Notes, 1899-1900	129,00zł
 Ma Vie Et Ma Recherche, l'Autobiographie de Nikola Tesla (Tesla Nikola)	128,83zł
 Die Tesla-Revolution (Koppelaar Rembrandt)(niemiecki)	127,63zł
 Die Tesla-Turbine	127,13zł
 Nikola Tesla	127,13zł
 Wechselstrom und Hochfrequenztechnologie (Tesla Nikola)(Twarda)(niemiecki)	126,77zł
 Deco Lighting Auhilon Tesla (W2438)	126,65zł
 Teslagrad (Gra NS)	126,00zł
 Nikola Tesla	125,97zł
 Tesla Revolution - Middelkoop Willem	125,17zł
 Nikola Tesla: His Inventions, Researches and Writings	125,14zł
 Nikola Tesla: Das Verlorene Genie: Das Aussergewohnliche Leben Des Nikola Tesla	125,14zł
 TESLA Przewody zapłonowe - zestaw T656C	123,19zł
 Famous Birthdays On July 10, Including Arthur Ashe, Jessica Simpson, Fred Gwynne, Nikola Tesla And More	122,66zł
 Spacex and Tesla Motors Engineer Elon Musk	121,83zł
 Inventor, Engineer, and Physicist Nikola Tesla (Marsico Katie)(Library Binding)	121,83zł
 TESLA Przewody zapłonowe - zestaw T180B	120,28zł
 TESLA Przewody zapłonowe - zestaw T658C	120,28zł
 TESLA Przewody zapłonowe - zestaw T043B	119,31zł
 Tesla Te-380 Mini	119,00zł
 Przewody zapłonowe - zestaw TESLA T057B	117,37zł
 Nikola Tesla	116,89zł
 Tesla 8211 Inventor Of The Electrica	114,72zł
 Tesla (Flux Pavilion) (Winyl)	114,69zł
 TESLA Przewody zapłonowe - zestaw T518B	114,46zł
 Nikola Tesla: My Life, My Research: Part I: My Life	114,22zł
 Gettysburg The Crossroads Town Volume 2 Teslas Tim	113,72zł
 TESLA Przewody zapłonowe - zestaw T925P	113,49zł
 DELPHI KLOCKI HAM.TYL JEEP CHEROKEE IV 10- LP3281	112,96zł
 TESLA Przewody zapłonowe - zestaw T972G	112,52zł
 Energiebertragung und Radiotechnik (Tesla Nikola)(Twarda)(niemiecki)	112,23zł
 Tesla's Magnifying Transmitter (Van Den Bergh Ernst Willem)	111,83zł
 My Inventions: The Autobiography of Nikola Tesla	111,33zł
 TESLA Przewody zapłonowe - zestaw T164G	110,58zł
 TESLA Przewody zapłonowe - zestaw T443B	110,58zł
 Prodigal Genius: The Life of Nikola Tesla	107,33zł
 TESLA Przewody zapłonowe - zestaw T992B	106,70zł
 Prodigal Genius: The Life of Nikola Tesla	106,17zł
 Empires of Light: Edison, Tesla, Westinghouse, and the Race to Electrify the World	104,78zł
 TESLA Przewody zapłonowe - zestaw T894G	103,79zł
 Deco Light (W2438)	103,20zł
 Zestaw okładzin hamulcowych, hamulec postojowy tarczowy TEXTAR 2061005	102,53zł
 Hochfrequenzexperimente	102,30zł
 TESLA Przewody zapłonowe - zestaw T934B	101,85zł
 Nikola Tesla (Thoman Francesca)	101,83zł
 Nikola Tesla: Free Energy and the White Dove	101,80zł
 Lernpaket Experimente mit Tesla Energie	100,98zł
 Teleportation: From Star Trek to Tesla	99,82zł
 Nikola Tesla: Erfinder, Magier, Prophet. Über ein außergewöhnliches Genie und seine seine revolutionären Entdeckungen	99,46zł
 Tesla Pilot zdalnego sterowania RoboStar T30/T40/T60 - white 102102	99,00zł
 Tesla Pilot zdalnego sterowania RoboStar T50 - black 103465	99,00zł
 Tesla Pilot zdalnego sterowania RoboStar T60 - black 103466	99,00zł
 Nikola Tesla (Tesla Nikola)	99,00zł
 Tesla Zbiornik na zanieczyszczenia do RoboStar T50/60 103457	99,00zł
 Baldocer Tesla Code White Mat 40x120	99,00zł
 Tesla Zbiornik na wodę do RoboStar T50/T60 103464	99,00zł
 Tesla zestaw akcesoriów RoboStar T80 Pro - 2 szt HEPA filtr, 2 szt mop	99,00zł
 TESLA Przewody zapłonowe - zestaw T503B	97,97zł
 TESLA Przewody zapłonowe - zestaw T385B	97,97zł
 Tesla Magic (Taylor S. Watts)	97,17zł
 TESLA Przewody zapłonowe - zestaw T041B	97,00zł
 Filtr powietrza kabinowy corteco 49393535	96,95zł
 Tesla, Inventor de la Modernidad (Munson Richard)(Paperback)	96,34zł
 My Inventions: The Autobiography of Nikola Tesla	96,00zł
 X-Ray Vision (Tesla Nikola)	95,67zł
 My Inventions (Tesla Nikola)	95,67zł
 The Essential Tesla: A New System of Alternating Current Motors and Transformers, Experiments with Alternate Currents of Very High Frequenc	95,00zł
 Baldocer Tesla Code White 400X1200	94,50zł
 Baldocer Tesla Code Silver 400X1200	94,50zł
 The Tesla Papers	93,83zł
 Wie Nikola Tesla das 20. Jahrhundert erfand	93,44zł
 Goodnight Mars (Mir Tesla)	93,33zł
 Baldocer Tesla Code White 40X120	93,04zł
 El Molino Tesla Blanco 60x60	93,00zł
 Tesla Technology	92,83zł
 Prodigal Genius: The Life of Nikola Tesla	92,33zł
 Nikola Tesla Presents (Thoman Francesca)	91,83zł
 Problem of Increasing Human Energy	91,83zł
 Nikola Tesla Journey to Mars Update: Exposing the Existence of the Secret Space Program	91,33zł
 REZAW-PLAST Wykładzina bagażnika gumowa, czarna REZAW-PLAST 233801, Tesla Model S przedni bagażnik, wersje wyłącznie z napędem na tylne koła od 2012 2	91,00zł
 Nikola Tesla's Death Ray and the Columbia Space Shuttle Disaster: Updated Edition	89,89zł
 TESLA Przewody zapłonowe - zestaw T110B	89,24zł
 Przewody zapłonowe - zestaw TESLA T846B	89,24zł
 Secrets of Antigravity Propulsion: Tesla, UFOs, and Classified Aerospace Technology	89,00zł
 Tesla zestaw akcesoriów RoboStar T50 - 3 szt HEPA filtr + 1 szt mop	89,00zł
 Nikki Tesla and the Ferret-Proof Death Ray (Elements of Genius #1)	88,90zł
 Diář Tesla, Sketch of a Turbine 2020 HOR	88,89zł
 My Inventions	88,73zł
 My Inventions: The Autobiography of Nikola Tesla	88,17zł
 Tesla zestaw akcesoriów RoboStar T10 + RoboStar T30	87,99zł
 BOSCH FILTRY BOSCH 1987435569	87,71zł
 Nikola Tesla: Afterlife Comments on Paraphysical Concepts, Volume Two: Healing and Magic	87,50zł
 TESLA Przewody zapłonowe - zestaw T543B	87,30zł
 TESLA Przewody zapłonowe - zestaw T227G	87,30zł
 TESLA Przewody zapłonowe - zestaw T141G	87,30zł
 The Inventions, Researches and Writings of Nikola Tesla (Commerford Martin Thomas)	86,83zł
 Baldocer Urban Taupe Tesla 40x120	85,47zł
 TESLA Przewody zapłonowe - zestaw T915B	85,36zł
 El Molino Tesla Blanco Rett. 59X59	85,00zł
 Tesla (Gunderman Dr Richard)(Twarda)	84,67zł
 Harnessing the Wheelwork of Nature: Tesla's Science of Energy	84,50zł
 Baldocer Urban Tesla Grey Mat 40x120	84,00zł
 Baldocer Code Silver Tesla 40x120	83,87zł
 Baldocer Code Sand Tesla 40x120	83,87zł
 Baldocer Code White Tesla 40x120	83,87zł
 A New System of Alternating Current Motors and Transformers and Other Essays (Tesla Nikola)	83,50zł
 My Inventions: The Autobiography of Nikola Tesla	83,50zł
 Paperblanks Szkicownik Tesla Sketch Of Turbine Ultra Wrap	82,50zł
 TESLA Przewody zapłonowe - zestaw T508B	82,45zł
 Tesla Robostar W20	81,90zł
 The Inventions, Researches and Writings of Nikola Tesla, with Special Reference to His Work in Polyphase Currents and High Potential Lighting	81,83zł
 Nikola Tesla for Kids Rigler, Michelle; Rutherford, Amy; Quinn, Emily	81,83zł
 TESLA Przewody zapłonowe - zestaw T282B	81,48zł
 Wizard: The Life and Times of Nikola Tesla	80,83zł
 Evaluation Of The Marketing Strategy Of Tesla Motors Inc	80,31zł
 Nikola Tesla: Afterlife Comments on Paraphysical Concepts	80,00zł
 Tesla Quartet: Haydn/Ravel/Stravinsky (CD)	79,99zł
 TESLA Przewody zapłonowe - zestaw T143G	79,78zł
 TESLA Przewody zapłonowe - zestaw T410G	79,54zł
 Die drei Geister von Tesla. Band 2 (Marazano Richard)(Twarda)(niemiecki)	79,13zł
 Tesla Zbiornik na wodę do RoboStar T30/T40 102261	79,00zł
 Tesla zbiornik na wodę RoboStar T10	79,00zł
 Tesla Airmouse Mmx8	79,00zł
 Tesla Zbiornik na zanieczyszczenia do RoboStar T10/T30/T40 102156	79,00zł
 TESLA Przewody zapłonowe - zestaw T738B	78,57zł
 My Inventions (Tesla Nikola)	78,50zł
 Die drei Geister von Tesla 01 (Marazano Richard)(Twarda)(niemiecki)	78,30zł
 TESLA Przewody zapłonowe - zestaw T986B	77,60zł
 TESLA Przewody zapłonowe - zestaw T708B	77,60zł
 Baldocer Urban Grey Tesla 40x120	77,48zł
 Unsere Seele kann fliegen: Über Nikola Tesla, Außerkörperlichkeit, heilige Orte im magischen Klangfeld, biologische und kosmische Zyklen, Gesichter de	76,36zł
 Experiments with Alternate Currents of High Potential and High Frequency	76,00zł
 TESLA Przewody zapłonowe - zestaw T995G	75,66zł
 ZESTAW PRZEWODÓW KABLI ZAPŁONOWYCH T631B TESLA T631B	75,66zł
 Teslagrad (Gra PS3)	75,01zł
 Tesla - Five Man Lonon Jam - Live (CD)	74,89zł
 Tesla: Man Out of Time	74,50zł
 The Tesla Rotating Magnetic Field	74,50zł
 Elmolino Tesla Blanco 60X60	74,30zł
 TESLA Przewody zapłonowe - zestaw T722B	73,72zł
 Filtr Powietrza Kabinowy Filtron K 1365A	73,54zł
 Rapp - 1 - Zaginione dzienniki Tesli -smith (gnat)	72,84zł
 Where the Hell is Tesla? A Novel	72,00zł
 TESLA Przewody zapłonowe - zestaw T899B	71,78zł
 TESLA Przewody zapłonowe - zestaw T813B	71,78zł
 TESLA Przewody zapłonowe - zestaw T870B	71,78zł
 The Problem of Increasing Human Energy, with Special References to the Harnessing of the Sun's Energy (Tesla Nikola)	70,85zł
 Tesla Model S (Diaz Julio)(Paperback)	70,35zł
 Teslagrad (Xbox One Key)	69,79zł
 Tesla vs Lovecraft (Xbox One Key)	69,79zł
 Defender Tesla 10000mAh Biały (83639)	69,62zł
 Electrical Wizard: Candlewick Biographies: How Nikola Tesla Lit Up the World (Rusch Elizabeth)(Twarda)	69,50zł
 Fezz Audio Lampa do wzmacniacza PCL86 (Tesla)	69,00zł
 TESLA Przewody zapłonowe - zestaw T707B	67,90zł
 TESLA Przewody zapłonowe - zestaw T858B	67,90zł
 Zap! Nikola Tesla Takes Charge - Slavin Bill	67,17zł
 The Fantastic Inventions of Nikola Tesla	67,00zł
 TESLA Przewody zapłonowe - zestaw T974B	66,93zł
 My Inventions: The Autobiography of Nikola Tesla	65,83zł
 TESLA Przewody zapłonowe - zestaw T496B	64,99zł
 TESLA Przewody zapłonowe - zestaw T837B	64,99zł
 TESLA Przewody zapłonowe - zestaw T629B	64,99zł
 Famous Scientific Illusions	64,67zł
 Nikola Tesla Puzzle Collection	64,33zł
 Nikola Tesla	64,29zł
 Nikola Tesla A Life From Beginning to End Hourly H	63,17zł
 TESLA Przewody zapłonowe - zestaw T798B	62,08zł
 TESLA Przewody zapłonowe - zestaw T962B	61,11zł
 My Inventions	60,42zł
 Kalendarz książkowy maxi 2020-2021 Tesla	59,90zł
 Tesla Legacy (Perez K.K.)(Twarda)	59,50zł
 Zestaw przewodów zapłonowych TESLA T989B	59,19zł
 Truth About Tesla	59,00zł
 The Miracle of Nikola Tesla's Purple Energy Plates	59,00zł
 A New System of Alternating Current Motors and Transformers and Other Essays	58,50zł
 TESLA Przewody zapłonowe - zestaw T670B	58,20zł
 TESLA Przewody zapłonowe - zestaw T785B	58,20zł
 The Inventions, Researches And Writings Of Nikola Tesla	57,67zł
 Teslas irrsinnig böse und atemberaubend revolutionäre Verschwörung, 1 MP3-CD	57,48zł
 Tesla's Imprint	57,00zł
 Inventions, Researches, and Writings of Nikola Tesla (Martin Thomas Commerford)	57,00zł
 Goodnight Mars (Mir Tesla)	57,00zł
 Nikola Tesla and the Electrical Future (Morus Iwan Rhys)(Twarda)	56,50zł
 My Inventions: The Autobiography of Nikola Tesla	56,50zł
 The Problem of Increasing Human Energy	56,33zł
 K 1346A	56,26zł
 NIKOLA TESLA	56,12zł
 Famous Scientific Illusions	55,67zł
 TESLA Przewody zapłonowe - zestaw T471G	55,29zł
 TESLA Przewody zapłonowe - zestaw T882B	55,29zł
 My Inventions	54,63zł
 Teslas irrsinnig böse und atemberaubend revolutionäre Verschwörung	54,58zł
 Nikola Tesla (Hour The History)	54,50zł
 TESLA Przewody zapłonowe - zestaw T669B	54,32zł
 TESLA Przewody zapłonowe - zestaw T239B	54,32zł
 TESLA Przewody zapłonowe - zestaw T789G	53,35zł
 Nikola Tesla a Albert Einstein na cestě časem	53,21zł
 TESLA Przewody zapłonowe - zestaw T441B	52,38zł
 TESLA Przewody zapłonowe - zestaw T885B	52,38zł
 TESLA Przewody zapłonowe - zestaw T277B	52,38zł
 TESLA Przewody zapłonowe - zestaw T883B	52,38zł
 TESLA Przewody zapłonowe - zestaw T497B	51,41zł
 Nikola Teslas Rtseluniversum (Galland Richard Wolfrik)(niemiecki)	50,98zł
 The Tesla Paradox (Rowe Lawrence)	50,67zł
 TESLA Przewody zapłonowe - zestaw T645B	50,44zł
 The Problem of Increasing Human Energy (Tesla Nikola)(Paperback)	50,17zł
 Problem of Increasing Human Energy	48,83zł
 Experiments with Alternate Currents of High Potential and High Frequency	48,50zł
 Tesla 01 (Shusterman Neal)(niemiecki)	48,50zł
 TESLA Przewody zapłonowe - zestaw T967B	48,50zł
 TESLA Przewody zapłonowe - zestaw T479B	48,50zł
 TESLA Przewody zapłonowe - zestaw T876C	48,50zł
 Perymetria	48,27zł
 Zestaw przewodów zapłonowych TESLA T224G	47,80zł
 Tesla: Shock [CD]	47,68zł
 Nick and Tesla's Solar-Powered Showdown (Pflugfelder Science Bob)	47,67zł
 Nick and Teslas Secret Agent Gadget Battle	47,50zł
 True Wireless	47,34zł
 Nick And Teslas Robot Army Rampage A Mystery With Hoverbots, Bristle Bots, And Other Robots You Can Build Yourself	47,33zł
 On Light and Other High Frequency Phenomena	47,17zł
 My Inventions (Tesla Nikola)(Paperback)	46,83zł
 TESLA Przewody zapłonowe - zestaw T840B	46,56zł
 TESLA Przewody zapłonowe - zestaw T960B	46,56zł
 TESLA Przewody zapłonowe - zestaw T973B	45,59zł
 The Problem of Increasing Human Energy, with Special References to the Harnessing of the Sun's Energy	45,42zł
 My Inventions and Other Writings (Tesla Nikola)	45,17zł
 Tesla - člověk mimo čas	44,65zł
 My Inventions: The Autobiography of Nikola Tesla	44,50zł
 BIOGRAPHIC TESLA	43,67zł
 TESLA Przewody zapłonowe - zestaw T705B	42,68zł
 Pencil Case Embellished Manuscripts Tesla, Sketch of a Turbine	42,50zł
 Praktyka brandingu - Maciej Tesławski	41,99zł
 Tesla RoboStar T10/T30 - SET lewa + prawa szczotka do czyszczenia	41,90zł
 The Strange Life of Nikola Tesla	40,50zł
 Victoria Sport Zestaw 100 Tesla	40,42zł
 Nick and Tesla's Special Effects Spectacular	40,06zł
 Nick and Tesla's High-Voltage Danger Lab	40,06zł
 TESLA 6HR61 9V (981064a)	40,00zł
 Kalendarz 2020 Mini Tesla, Sketch of a Turbine 12m - Paperblanks	40,00zł
 Tesla Green+ AA 2450mAh 4szt (EM5039)	39,99zł
 Tesla - Twisted Wires & The Acoustic Sessions (digipack) (CD)	39,99zł
 Teslagrad (Gra PS4)	39,90zł
 Nikola Tesla's Electrifying Puzzle Book (Galland Richard Wolfrik)	39,83zł
 TESLA Przewody zapłonowe - zestaw T470G	39,21zł
 FILTRON 1230A K FILTR PYŁKOWY KABINY WĘGLOWY TESLA MODEL S 15- FILTRON K1325A K1325A	39,00zł
 Tesla Szczotka główna do RoboStar T50/60 103193	39,00zł
 Electrical Wizard: Candlewick Biographies: How Nikola Tesla Lit Up the World (Rusch Elizabeth)(Paperback)	38,57zł
 Davidjkent - Tesla	38,33zł
 Zestaw przewodów zapłonowych TESLA T459G	37,63zł
 Elon Musk Biografia twórcy PayPala, Tesli, SpaceX	37,40zł
 Model T to Tesla (Lightning Guides)	37,33zł
 Inventor, Engineer, and Physicist Nikola Tesla (Marsico Katie)(Paperback)	37,00zł
 My Inventions: The Autobiography of Nikola Tesla	37,00zł
 My Inventions (Nikola Tesla)	36,67zł
 My Inventions Nikola Tesla's Autobiography (Savage Dr Duke)(Paperback)	36,17zł
 Experiments with Alternate Currents of High Potential and High Frequency	36,00zł
 TESLA Przewody zapłonowe - zestaw T912B	35,89zł
 TESLA Przewody zapłonowe - zestaw T481B	35,89zł
 TESLA Przewody zapłonowe - zestaw T612B	35,89zł
 My Inventions: Nikola Tesla's Autobiography	35,50zł
 Who Was Nikola Tesla?	35,33zł
 TESLA CR2430 3V 270mAh 4szt	35,00zł
 TESLA CR2450 BLISTER 4sztuki 032 290 57 01	35,00zł
 Strategia marketingowa. Instrukcja budowy silnej marki - Maciej Tesławski	34,99zł
 Projektowanie strategii marki - Maciej Tesławski i Przyjaciele	34,29zł
 Elon Musk. Biografia Twórcy Paypal, Tesla, Spacex	34,29zł
 TESLA Przewody zapłonowe - zestaw T892B	33,95zł
 Tesla RoboStar T50 - SET lewa + prawa szczotka	33,90zł
 Nikola Tesla - zbraňové Systémy	33,64zł
 TESLA Przewody zapłonowe - zestaw T830B	32,98zł
 TESLA Przewody zapłonowe - zestaw T875B	32,98zł
 Tesla, czyli jak Elon Musk zakończy epokę ropy naftowej	32,47zł
 Elon Musk. Biografia Twórcy Paypala, Tesli, Spacex. Wyd. 2 - Ashlee Vance	32,41zł
 Vs Rakietka Do Tenisa Stołowego Tesla 400 	31,96zł
 Tesla Osłona szczotki głównej RoboStar T50/60 103458	31,90zł
 Pułapka Tesli	31,80zł
 TESLA Przewody zapłonowe - zestaw T709B	31,04zł
 Techniki Promocji Sprzedaży - Maciej Tesławski	30,99zł
 TESLA Przewody zapłonowe - zestaw T246B	30,96zł
 TESLA Przewody zapłonowe - zestaw T647B	30,07zł
 Tesla RoboStar T80 Pro - SET lewa + prawa szczotka	29,00zł
 Zap! Nikola Tesla Takes Charge	28,64zł
 Moderní Medicína	28,18zł
 The Problem of Increasing Human Energy: With Special Reference to the Harnessing of the Sun's Energy	28,13zł
 Konsument wierny jak pies - Maciej Tesławski	26,35zł
 Pułapka Tesli	26,26zł
 TESLA Przewody zapłonowe - zestaw T832B	26,19zł
 CARTON BLUZKA DAMSKA SILVER ROCKET - TESLA	24,95zł
 CARTON KOSZULKA SILVER ROCKET - TESLA	24,95zł
 Nikola Tesla a jeho tajné vynálezy	24,85zł
 My Inventions: The Autobiography of Nikola Tesla	24,50zł
 Strategie geniuszy. Myśl jak Freud, da Vinci i Tesla (e-Book)	24,50zł
 Nikola Tesla. Zapomniany geniusz	23,94zł
 My Inventions - The Autobiography of Nikola Tesla	23,65zł
 Tesla. Władca piorunów	23,38zł
 TESLA Przewody zapłonowe - zestaw T784B	23,28zł
 Pułapka Tesli (E-book)	22,45zł
 Nikola Tesla. Zapomniany Geniusz	22,32zł
 TESLA Przewody zapłonowe - zestaw T336B	22,31zł
 Trzy duchy Tesli. Spisek prawdziwych ludzi. Tom 2	21,44zł
 Tesla. Władca piorunów	21,31zł
 Moje Wynalazki. Autobiografia.	21,25zł
 Niki i Tesla. Awantura o energię słoneczną	21,24zł
 TESLA Przewody zapłonowe - zestaw T128B	20,37zł
 Tesla Filtr HEPA do RoboStar T30	19,99zł
 TESLA CR1620 3V (1099137156)	19,00zł
 Tesla CR2025 3V 165mAh (1099137110)	18,00zł
 Tesla CR2032 4szt (EM5035)	18,00zł
 Tesla Green+ AAA 800mAh 4szt (EM5038)	17,99zł
 Tesla Gold+ LR14 C 2szt (EM5023)	17,99zł
 Efekty Specjalne Na Miarę Oskara Niki I Tesla - „Science Bob” Pflugfelder,Steve Hockensmith 	17,44zł
 Niki i Tesla. Efekty specjalne na miarę Oscara	17,07zł
 Niki i Tesla. Magiczna rękawica supercyborga - Praca zbiorowa (EPUB)	17,07zł
 Niki i Tesla. Bunt armii robotów (MOBI)	17,00zł
 Niki i Tesla. Laboratorium pod napięciem	17,00zł
 Niki i Tesla. Pojedynek tajnych agentów (EPUB)	17,00zł
 Tesla Gold+ LR14 C 2szt (EM5022)	15,00zł
 My Inventions And Other Writings	14,90zł
 Tesla PR13 6szt (EM5040)	14,75zł
 Tesla PR312 6szt (EM5041)	14,75zł
 Niki i Tesla. Laboratorium pod napięciem	14,62zł
 Niki i Tesla. Tom 4. Magiczna rękawica READ ME 	14,41zł
 Niki i Tesla Efekty specjalne na miarę Oskara	14,05zł
 Niki i Tesla. Awantura o energię słoneczną - Jeśli zamówisz do 14:00, wyślemy tego samego dnia.	14,03zł
 Niki i Tesla. Bunt armii robotów	14,03zł
 Laboratorium Pod Napięciem Niki I Tesla	14,01zł
 Audiobiografia Nikoli Tesli	13,99zł
 Niki I Tesla. Pojedynek tajnych agentów	13,99zł
 Moje życie i wynalazki. Audiobook	12,28zł
 TESLA CR1616 (981078a)	12,00zł
 TESLA CR2016 BLISTER 4sztuki 032 290 57 01	12,00zł
 TESLA Przewody zapłonowe - zestaw T866B	11,55zł
 Tesla Vs Lovecraft (Digital)	10,50zł
 TESLA CR1632 3V 137mAh 4szt	10,00zł
 FEBI BILSTEIN Nakrętka koła  49072	9,43zł
 Tesla Gold+ LR03 AAA 4szt (EM5021)	8,25zł
 Tesla Gold+ LR6 AA 4szt (EM5020)	8,25zł
 Tesla Blue+ R3 AAA (EM5029)	8,25zł
 Tesla Bateria R06 Aa Blue+ R06 10Szt Folia (Batts0Aabcw900X60)	8,25zł
 Tesla Breaks the World! (Digital)	7,32zł
 Nikola Tesla. Przyszłość jest moja (PDF)	7,26zł
 Tesla Silver+ LR6 AA 4szt (EM5025)	6,99zł
 Tesla Silver+ LR03 AAA 4szt (EM5026)	6,99zł
 Tesla Effect A Tex Murphy Adventure (Digital)	6,71zł
 Teslagrad (Digital)	5,38zł
 Teslas Best Friend (Digital)	5,28zł
 Tesla Blue+ R6 AA 4szt (EM5027)	4,91zł
 Tesla Blue+ R3 AAA 4szt (EM5028)	4,91zł
 Tesla LR27 (EM5034)	3,59zł
 Bateria AAA R3 Blue+ Tesla	0,66zł
