 TESLA 100D 4x4 - EU - autopilot wer. 2.5 - FV 23%,35055000zł
 TESLA MODEL X 100D JEDYNA TAKA NA ŚWIECIE!,28900000zł
 Tesla model X 100 525 kM nie rejestrowana,20000000zł
 TESLA MODEL S 85D Darmowe ładowanie!,17900000zł
 TESLA MODEL S (5YJS) P85D AWD 772 KM,17500000zł
 TESLA MODEL S (5YJS) 85 421 KM,14990000zł
 TESLA MODEL S (5YJS) P85 421 KM BRUTTO,13490000zł
 HP Q2N66A - HPE NVIDIA Tesla V100 SXM2 16GB Module (Q2N66A),4769049zł
 PNY Tesla V100 32GB HBM2 (TCSV100M32GBPB),4264291zł
 HP Q0C71A - HPE NVIDIA Tesla P100 SXM2 16GB Module (Q0C71A),3854583zł
 PNY Nvidia Tesla V100 Modul 16GB (TCSV100MPCIEPB),3842417zł
 PNY Tesla P40M 24GB (TCSP40M24GBPB),3125628zł
 PNY NVidia Tesla P100 16GB (TCSP100M-16),3099900zł
 HP Q0V80A - HPE NVIDIA Tesla P40 24GB Module (Q0V80A),2921508zł
 PNY NVidia Tesla M40 24GB (TCSM40M-24GB-PB),2750000zł
 PNY NVidia Tesla P100 12GB (TCSP100M-12),2599900zł
 Lenovo 00YL377 - NVidia Tesla M60 GPU PCIe (active) (00YL377),2583199zł
 Lenovo 00KG655 - NVIDIA Tesla M60 GPU PCIe (passive) (00KG655),2583199zł
 PNY Tesla M40M 12GB (TCSM40MPB),2582043zł
 PNY Tesla M40 (TCSM40M12),2399900zł
 HP 805133-B21 - HP MultiGPU Carrier 2 Tesla M6 FIO Adptr (805133B21),2391170zł
 HP M3X67A - HPE NVIDIA Tesla M60 RAF Dual GPU Module (M3X67A),2389841zł
 HP 872629-B21 - HPE BladeSystem NV Tesla M60 FIO Kit (872629B21),2389841zł
 HP J0X21A - HPE NVIDIA Tesla M60 Dual GPU Module (J0X21A),2389841zł
 PNY Tesla P100 12GB (TCSP100M12GBPB),2303401zł
 PNY Tesla M60 (TCSM60CARDLONGPB),2303401zł
 PNY Tesla M60 (TCSM60ML2RPB),2303401zł
 PNY Tesla M60 (TCSM60MR2LPB),2303401zł
 PNY Tesla M60 (TCSM60CARDSHORTPB),2303401zł
 PNY Tesla K80 24GB (TCSK80MPB),2290000zł
 Lenovo 47C2137 - NVIDIA Tesla K40 for Flex System PCIe Expansion Node (47C2137),2054354zł
 PNY Tesla K40C 12GB (TCSK40CARDPB),1780031zł
 HP F1R08AR - HP NVIDIA Tesla K40 12GB Reman Module (F1R08AR),1692561zł
 PNY Tesla K40M (TCSK40MPB),1650000zł
 PNY Tesla M10M (TCSM10MPB),1215200zł
 HP 826042-B21 - HPE SY 480 NVIDIA Tesla M6 FIO Mezz Card (826042B21),1167008zł
 HP 869224-B21 - HPE SY 480 NVIDIA Tesla M6 Mezz Card (869224B21),1133779zł
 HP 805132-B21 - NVIDIA Tesla M6 Mezzanine GPU FIO Adptr (805132B21),1132450zł
 PNY Technologies Nvidia Tesla T4 16GB GDDR6 (RTCST4M-PB),1119840zł
 HP Q0J62A - NVIDIA Tesla M10 Quad GPU Module (Q0J62A),1042066zł
 PNY Tesla P4M 4GB (TCSP4MPB),970000zł
 PNY Tesla M4 (TCSM4M),860000zł
 HP P9U90A - HPE NVIDIA Tesla M4 4GB Module (P9U90A),757625zł
 Tesla SLE-AT42 kopalniany,717213zł
 Tesla SLE-AT43 kopalniany,631236zł
 Interactive zestaw Tesla LED,499900zł
 Tesla SLE-AT34 przemysłowy,361497zł
 Tesla SLE-AT35 przemysłowy,349320zł
 Tesla SLE-AT32 przemysłowy,348213zł
 AliExpress  Android nawigacja GPS z Bluetooth samochodowe stereo dla Dodge RAM 2014-2018 1920*1080 4 + 64G Tesla,342296zł
 Polstar Tesla 73 Plus,323400zł
 Tesla SLE-AT33 przemysłowy,323244zł
 Polstar Tesla 73,305000zł
 Polstar Tesla 55 Plus,239800zł
 7.0 Tesla MRI Brain Atlas: In-Vivo Atlas with Cryomacrotome Correlation,236103zł
 Tesla SLE-AT27 przemysłowy,231363zł
 Tesla SLE-AT38 przemysłowy,212790zł
 Jazda Teslą X 100D Po Mieście Wrocław,199900zł
 Polstar Tesla 55,196700zł
 Tesla SLE-AT39 przemysłowy,188928zł
 Kjust Tesla Model X 2016+ Torby Do Bagażnika 7 Szt,182900zł
 Tesla SLE-AT40 przemysłowy,177858zł
 Beyerdynamic DT 1770 Pro,173900zł
 Tesla Hyperlight Eyewear - Czarny Węgiel,167700zł
 Tesla Hyperlight Eyewear - Brązowy Turmalin,167700zł
 Tesla Hyperlight Eyewear - Niebieski Tytan,167700zł
 Tesla Hyperlight Eyewear - Brązowy Turmalin,167700zł
 Tesla Robostar IQ500,166900zł
 Tesla SLE-AT36 przemysłowy,165681zł
 Kjust Tesla Model S 2012- Torby Do Bagażnika 6 Szt - 7050001,159900zł
 Inventions Researches and Writings of Nikola Tesla (Martin Thomas Commerford),155466zł
 Zepter OKULARY FULERENOWE Tesla MODEL TLW-107BR,150900zł
 Zepter OKULARY FULERENOWE Tesla MODEL TLW-001BLU,150900zł
 Zepter OKULARY FULERENOWE Tesla MODEL THE-0201BK,150900zł
 Zepter OKULARY FULERENOWE Tesla MODEL TLW-107BL,150900zł
 Zepter OKULARY FULERENOWE Tesla MODEL THE-0201BN,150900zł
 Kjust Tesla Model X 2016+ Torby Do Bagażnika 5 Szt,140900zł
 Tesla SLE-AT37 przemysłowy,125500zł
 Tesla RoboStar T80 Pro,119900zł
 Kjust Tesla Model S 2012- Torby Do Bagażnika 4 Szt - 7050002,114900zł
 NRF CHŁODNICENAGRZEWNICE NRF 58790,100395zł
 Alveus Tesla Monarch Złota 1129050,99900zł
 Tesla Robostar T60 Czarny,97900zł
 Tesla RoboStar T60 biały,97899zł
 NISSENS CHŁODNICA TESLA S 12- 606454,93993zł
 Alveus Tesla złota 1091616,91900zł
 Alveus Tesla miedziany 1091615,91900zł
 GREEN CELL KABEL  GC TYPE 2 DO ŁADOWANIA EV TESLA LEAF IONIQ KONA E-TRON ZOE 22KW 7 METRÓW Z FUTERAŁEM EV02 ,89995zł
 Alveus Tesla Monarch Miedź 1129049,89900zł
 Purpurowa Płytka Tesli 30X30 Cm,89900zł
 Tesla RoboStar T50,89900zł
 Tesla RoboStar T40,82300zł
 Seine Werke 6 Bde.: Gesamtausgabe,77600zł
 Imperium Light Tesla Czarna 107315 05 (1073150505),77200zł
 Tesla RoboStar T30,74900zł
 AliExpress  Nobsound 12AX7 (Tesla/JJECC83) zawór i wzmacniacz lampy elektronowej Stereo Hi-Fi stereofoniczny,65554zł
 Beyerdynamic Dt1770 Tesla 2.0,62900zł
 Tesla RoboStar T10,59900zł
 Jazda ulicami miast: Tesla S85 Ilość okrążeń - 2 Miejsce  - Gliwice ulicami  Usiądziesz jako - Pasażer,59800zł
 Jazda ulicami miast: Tesla S85 Ilość okrążeń - 2 Miejsce  - Gliwice ulicami  Usiądziesz jako - Kierowca,59800zł
 Labra Tesla 1-0293,59185zł
 Ideal Lux Tesla Pt4 Big Bianco 153179,58180zł
 Signal Ława Tesla Szkło 120X60X42,55900zł
 Lampa stojąca Tesla PT4 Big 153162 -Ideal Lux,55200zł
 Ideal Lux Tesla Pt4 Big Antracite 153162,55200zł
 Tesla Mediabox X900 Pro Czarny,54900zł
 Labra Tesla KN 1-0292,52758zł
 Ideal Lux Tesla Pt4 Small Bianco 153209,50010zł
 Ideal Lux Tesla Pt4 Small Antracite 153193,50010zł
 Tesla EliteCook K70,49900zł
 BREMBO KLOCKI HAMULC. JEEP GRAND CHEROKEE  10- TYŁ P30074,44070zł
 Tesla Teh-500 Plus,42900zł
 BREMBO TARCZA HAM.PRZOD TESLA S 09.N265.21,42200zł
 BREMBO TARCZA HAM.TYL TESLA S 09.N266.21,42008zł
 Demonia TESLA-102,40600zł
 Brembo Klocki Hamulcowe Cadillac Sts 05- Przód P09004,40030zł
 Tesla Primesound Hq-880 Czarny,39900zł
 Tesla PrimeSound HQ-880 czarny,39900zł
 Deutsche amerikanische und britische Patente. German American and British Patents,38421zł
 Demonia TESLA-106,38400zł
 Demonia TESLA-107,38400zł
 Zestaw Łożysk Koła Skf Vkba 7127,37517zł
 Jazda Zapoznawcza Teslą Poznań,35000zł
 Jazda Zapoznawcza Teslą Warszawa,35000zł
 Tesla MediaBox X500 Czarny,34900zł
 Akasa Tesla - Ucff - Intel Nuc Głośna Loga - (A-NUC07-M1B),32489zł
 Akasa Tesla H UCFF Intel NUC (A-NUC05-M1B),31789zł
 Jazda Zapoznawcza Teslą Wrocław,31500zł
 Klocki hamulcowe (kpl. na oś)                           TEXTAR 2332502,31005zł
 Jazda Zapoznawcza Teslą Bydgoszcz,29900zł
 Jazda ulicami miast: Tesla S85,29900zł
 Poznaj Samochód Przyszłości Tesla Model S Warszawa Okolice,29900zł
 Auhilon Deco Lighting Lampa Wisząca Tesla Iii,29900zł
 Auhilon Tesla Iii 3Pł Deco Lighting  Industrialna Regulowana Harmonijka Szara (P24383L),29900zł
 Prodigal Genius: The Life of Nikola Tesla,27727zł
 Strategies for Autonomous Connected and Smart Mobility in the Automotive Industry. a Comparative Analysis of BMW Group and Tesla Motors Inc. (Kauerho,26683zł
 Imperium Light Tesla Czarna 78115 05 (781150505),25700zł
 Tesla PrimeSound HQ-220 czarny,24900zł
 Tesla Primesound Hq-220 Czarny,24900zł
 Auhilon Tesla I 1Pł Deco Lighting Industrialna Regulowana Harmonijka Szara (P24381L),24900zł
 Auhilon P24383L (P24381L),24700zł
 TESLA Przewody zapłonowe - zestaw T623C,23862zł
 Tesla Nutrition Iso Zero 100 2000G,23803zł
 Nikola Tesla - Nikola Tesla: Lectures and Patents,23333zł
 Akasa Tesla T Ucff Intel Nuc Oem Bez Loga (A-NUC11-M1B),23289zł
 TESLA Przewody zapłonowe - zestaw T114C,22698zł
 TESLA Przewody zapłonowe - zestaw T941C,22019zł
 Tilbury The Ultimate Tesla Coil Design and Constru,21917zł
 Tesla Duplex T2,21900zł
 TESLA : MAN OUT OF TIME,21850zł
 Nikola Tesla Collected Articles and Lectures,21602zł
 Nikola Tesla,20867zł
 TESLA Przewody zapłonowe - zestaw T854C,20758zł
 The Tesla Way,20450zł
 Tesla Evolution (Lingane Mark),19967zł
 Auhilon Tesla 1 Punktowa P2438 1L P24381L,19920zł
 BREMBO Klocki hamulcowe P 59 079,19782zł
 The Illustrated Tesla,19781zł
 Nikola Tesla - Nikola Tesla: Lectures and Patents,19550zł
 Elon Musk and Tesla,19383zł
 The Inventions Researches And Writings Of Nikola Tesla With Special Reference To His Work In Polyphase Currents And High Potential Lighting,18983zł
 Collected Tesla Writings; Scientific Papers and Articles by Tesla and Others about Tesla's Work Primarily in the Field of Electrical Engineering,18150zł
 Tesla SlowCook S600,17990zł
 Eric Thomsen - Tesla,17750zł
 The Ultimate Tesla Coil Design and Construction Guide,17717zł
 Veronese Nikola Tesla Trzymający Model Wieży,17400zł
 NIKOLA TESLA TRZYMAJĄCY MODEL WIEŻY VERONESE WU76912A4,17400zł
 The Nikola Tesla Treasury,17233zł
 Tesla Bateria dla RoboStar T50/T60/T80 PRO 102432,16900zł
 Purpurowa płytka Tesli,16900zł
 Tesla Bateria do RoboStar T10/T30/T40 102104,16900zł
 The Nikola Tesla Treasury,16783zł
 William Hrdina The Gospels of Nikola Tesla,16123zł
 Baldocer Tesla Code Silver 40X120,15990zł
 Tesla Senior T2,15900zł
 TESLA Przewody zapłonowe - zestaw T819C,15811zł
 TESLA Przewody zapłonowe - zestaw T578C,15811zł
 TESLA Przewody zapłonowe - zestaw T584B,15714zł
 Auhilon Tesla 3 Punktowa P2438 3L P24383L,15700zł
 Deco Lighting Auhilon Tesla Iii (P24383L),15698zł
 TESLA Przewody zapłonowe - zestaw T865C,15617zł
 TESLA Przewody zapłonowe - zestaw T855C,15520zł
 TESLA Przewody zapłonowe - zestaw T845B,15520zł
 REZAW-PLAST Tesla Model S od 2012 dywaniki gumowe 3 szt REZAW-PLAST 204001 204001,15500zł
 Nikola Tesla: Colorado Springs Notes 1899-1900,15233zł
 My Inventions (Tesla Nikola)(Paperback),15233zł
 Waffentechnologie. Theorien und verschiedene Artikel (Tesla Nikola)(Twarda)(niemiecki),15196zł
 Selected Tesla Writings,14915zł
 Jon Gibson: Violet Fire an opera about Nikola Tesla [2CD],14915zł
 BOSCH KLOCKI HAMULCOWE BOSCH 0986494880,14881zł
 Experiments with Alternate Currents of High Potential and High Frequency (Tesla Nikola),14783zł
 TESLA Przewody zapłonowe - zestaw T080B,14647zł
 TESLA Przewody zapłonowe - zestaw T881C,14550zł
 Czujnik Ciśnienia Tesla Model S 2013 - 2013,14500zł
 CUB ELECPARTS INC Czujnik ciśnienia powietrza w oponie TPMS TESLA MODEL S 10/2014-12/2015 433mhz ,14500zł
 CUB ELECPARTS INC Czujnik cićnienia powietrza w oponie TPMS do TESLA MODEL X 09/2015-12/2017 433MHZ ,14500zł
 Veronese Nikola Tesla Popiersie,14500zł
 Czujnik Ciśnienia Tesla Roadster 2010 - 2012,14500zł
 CUB ELECPARTS INC Czujnik ciśnienia powietrza w oponie TPMS TESLA MODEL X 2016-2017 433mhz ,14500zł
 CUB ELECPARTS INC Czujnik ciśnienia powietrza w oponie TPMS TESLA MODEL S 1/2014-9/2014 433mhz ,14500zł
 CUB ELECPARTS INC Czujnik ciśnienia powietrza w oponie TPMS TESLA Model S 01/2013-12/2013 433MHz ,14500zł
 CUB ELECPARTS INC Czujnik ciśnienia powietrza w oponie TPMS TESLA Model S 10/2014-12/2015 433MHz ,14500zł
 Teslas grandios verrckte und komplett gemeingefhrliche Weltmaschine (Shusterman Neal)(Twarda)(niemiecki),14450zł
 Selected Tesla Writings,14317zł
 The Inventions Researches and Writings of Nikola Tesla (Martin Thomas Commerford),14300zł
 TESLA Przewody zapłonowe - zestaw T053B,14259zł
 Teslas Round Up,13917zł
 Tesla Te-300,13900zł
 TESLA Przewody zapłonowe - zestaw T035B,13871zł
 Tesla and the Lemurian Gate,13756zł
 Meine Erfindungen. Das Problem der Steigerung der menschlichen Energie (Tesla Nikola)(Twarda)(niemiecki),13733zł
 Nikola Tesla (Tesla Nikola),13700zł
 Tesla - Five Man Lonon Jam - Live (Winyl),13490zł
 TESLA Przewody zapłonowe - zestaw T942C,13386zł
 Tesla FBI Files,13326zł
 A.B.S. Klocki Hamulcowe Tesla M 12- Tył 35052,13127zł
 The Essential Tesla: A New System of Alternating Current Motors and Transformers Experiments with Alternate Currents of Very High Frequenc,13100zł
 Tesla,13067zł
 Very Truly Yours Nikola Tesla (Tesla Nikola),13000zł
 Tesla,12912zł
 Tesla Podstawa ładująca RoboStar T50/T60 103463,12900zł
 Nikola Tesla: Colorado Springs Notes 1899-1900,12900zł
 Tesla Podstawa ładująca RoboStar T10 T30 T40 102118,12900zł
 Ma Vie Et Ma Recherche l'Autobiographie de Nikola Tesla (Tesla Nikola),12883zł
 Die Tesla-Revolution (Koppelaar Rembrandt)(niemiecki),12763zł
 Die Tesla-Turbine,12713zł
 Nikola Tesla,12713zł
 Wechselstrom und Hochfrequenztechnologie (Tesla Nikola)(Twarda)(niemiecki),12677zł
 Deco Lighting Auhilon Tesla (W2438),12665zł
 Teslagrad (Gra NS),12600zł
 Nikola Tesla,12597zł
 Tesla Revolution - Middelkoop Willem,12517zł
 Nikola Tesla: His Inventions Researches and Writings,12514zł
 Nikola Tesla: Das Verlorene Genie: Das Aussergewohnliche Leben Des Nikola Tesla,12514zł
 TESLA Przewody zapłonowe - zestaw T656C,12319zł
 Famous Birthdays On July 10 Including Arthur Ashe Jessica Simpson Fred Gwynne Nikola Tesla And More,12266zł
 Spacex and Tesla Motors Engineer Elon Musk,12183zł
 Inventor Engineer and Physicist Nikola Tesla (Marsico Katie)(Library Binding),12183zł
 TESLA Przewody zapłonowe - zestaw T180B,12028zł
 TESLA Przewody zapłonowe - zestaw T658C,12028zł
 TESLA Przewody zapłonowe - zestaw T043B,11931zł
 Tesla Te-380 Mini,11900zł
 Przewody zapłonowe - zestaw TESLA T057B,11737zł
 Nikola Tesla,11689zł
 Tesla 8211 Inventor Of The Electrica,11472zł
 Tesla (Flux Pavilion) (Winyl),11469zł
 TESLA Przewody zapłonowe - zestaw T518B,11446zł
 Nikola Tesla: My Life My Research: Part I: My Life,11422zł
 Gettysburg The Crossroads Town Volume 2 Teslas Tim,11372zł
 TESLA Przewody zapłonowe - zestaw T925P,11349zł
 DELPHI KLOCKI HAM.TYL JEEP CHEROKEE IV 10- LP3281,11296zł
 TESLA Przewody zapłonowe - zestaw T972G,11252zł
 Energiebertragung und Radiotechnik (Tesla Nikola)(Twarda)(niemiecki),11223zł
 Tesla's Magnifying Transmitter (Van Den Bergh Ernst Willem),11183zł
 My Inventions: The Autobiography of Nikola Tesla,11133zł
 TESLA Przewody zapłonowe - zestaw T164G,11058zł
 TESLA Przewody zapłonowe - zestaw T443B,11058zł
 Prodigal Genius: The Life of Nikola Tesla,10733zł
 TESLA Przewody zapłonowe - zestaw T992B,10670zł
 Prodigal Genius: The Life of Nikola Tesla,10617zł
 Empires of Light: Edison Tesla Westinghouse and the Race to Electrify the World,10478zł
 TESLA Przewody zapłonowe - zestaw T894G,10379zł
 Deco Light (W2438),10320zł
 Zestaw okładzin hamulcowych hamulec postojowy tarczowy TEXTAR 2061005,10253zł
 Hochfrequenzexperimente,10230zł
 TESLA Przewody zapłonowe - zestaw T934B,10185zł
 Nikola Tesla (Thoman Francesca),10183zł
 Nikola Tesla: Free Energy and the White Dove,10180zł
 Lernpaket Experimente mit Tesla Energie,10098zł
 Teleportation: From Star Trek to Tesla,9982zł
 Nikola Tesla: Erfinder Magier Prophet. Über ein außergewöhnliches Genie und seine seine revolutionären Entdeckungen,9946zł
 Tesla Pilot zdalnego sterowania RoboStar T30/T40/T60 - white 102102,9900zł
 Tesla Pilot zdalnego sterowania RoboStar T50 - black 103465,9900zł
 Tesla Pilot zdalnego sterowania RoboStar T60 - black 103466,9900zł
 Nikola Tesla (Tesla Nikola),9900zł
 Tesla Zbiornik na zanieczyszczenia do RoboStar T50/60 103457,9900zł
 Baldocer Tesla Code White Mat 40x120,9900zł
 Tesla Zbiornik na wodę do RoboStar T50/T60 103464,9900zł
 Tesla zestaw akcesoriów RoboStar T80 Pro - 2 szt HEPA filtr 2 szt mop,9900zł
 TESLA Przewody zapłonowe - zestaw T503B,9797zł
 TESLA Przewody zapłonowe - zestaw T385B,9797zł
 Tesla Magic (Taylor S. Watts),9717zł
 TESLA Przewody zapłonowe - zestaw T041B,9700zł
 Filtr powietrza kabinowy corteco 49393535,9695zł
 Tesla Inventor de la Modernidad (Munson Richard)(Paperback),9634zł
 My Inventions: The Autobiography of Nikola Tesla,9600zł
 X-Ray Vision (Tesla Nikola),9567zł
 My Inventions (Tesla Nikola),9567zł
 The Essential Tesla: A New System of Alternating Current Motors and Transformers Experiments with Alternate Currents of Very High Frequenc,9500zł
 Baldocer Tesla Code White 400X1200,9450zł
 Baldocer Tesla Code Silver 400X1200,9450zł
 The Tesla Papers,9383zł
 Wie Nikola Tesla das 20. Jahrhundert erfand,9344zł
 Goodnight Mars (Mir Tesla),9333zł
 Baldocer Tesla Code White 40X120,9304zł
 El Molino Tesla Blanco 60x60,9300zł
 Tesla Technology,9283zł
 Prodigal Genius: The Life of Nikola Tesla,9233zł
 Nikola Tesla Presents (Thoman Francesca),9183zł
 Problem of Increasing Human Energy,9183zł
 Nikola Tesla Journey to Mars Update: Exposing the Existence of the Secret Space Program,9133zł
 REZAW-PLAST Wykładzina bagażnika gumowa czarna REZAW-PLAST 233801 Tesla Model S przedni bagażnik wersje wyłącznie z napędem na tylne koła od 2012 2,9100zł
 Nikola Tesla's Death Ray and the Columbia Space Shuttle Disaster: Updated Edition,8989zł
 TESLA Przewody zapłonowe - zestaw T110B,8924zł
 Przewody zapłonowe - zestaw TESLA T846B,8924zł
 Secrets of Antigravity Propulsion: Tesla UFOs and Classified Aerospace Technology,8900zł
 Tesla zestaw akcesoriów RoboStar T50 - 3 szt HEPA filtr + 1 szt mop,8900zł
 Nikki Tesla and the Ferret-Proof Death Ray (Elements of Genius #1),8890zł
 Diář Tesla Sketch of a Turbine 2020 HOR,8889zł
 My Inventions,8873zł
 My Inventions: The Autobiography of Nikola Tesla,8817zł
 Tesla zestaw akcesoriów RoboStar T10 + RoboStar T30,8799zł
 BOSCH FILTRY BOSCH 1987435569,8771zł
 Nikola Tesla: Afterlife Comments on Paraphysical Concepts Volume Two: Healing and Magic,8750zł
 TESLA Przewody zapłonowe - zestaw T543B,8730zł
 TESLA Przewody zapłonowe - zestaw T227G,8730zł
 TESLA Przewody zapłonowe - zestaw T141G,8730zł
 The Inventions Researches and Writings of Nikola Tesla (Commerford Martin Thomas),8683zł
 Baldocer Urban Taupe Tesla 40x120,8547zł
 TESLA Przewody zapłonowe - zestaw T915B,8536zł
 El Molino Tesla Blanco Rett. 59X59,8500zł
 Tesla (Gunderman Dr Richard)(Twarda),8467zł
 Harnessing the Wheelwork of Nature: Tesla's Science of Energy,8450zł
 Baldocer Urban Tesla Grey Mat 40x120,8400zł
 Baldocer Code Silver Tesla 40x120,8387zł
 Baldocer Code Sand Tesla 40x120,8387zł
 Baldocer Code White Tesla 40x120,8387zł
 A New System of Alternating Current Motors and Transformers and Other Essays (Tesla Nikola),8350zł
 My Inventions: The Autobiography of Nikola Tesla,8350zł
 Paperblanks Szkicownik Tesla Sketch Of Turbine Ultra Wrap,8250zł
 TESLA Przewody zapłonowe - zestaw T508B,8245zł
 Tesla Robostar W20,8190zł
 The Inventions Researches and Writings of Nikola Tesla with Special Reference to His Work in Polyphase Currents and High Potential Lighting,8183zł
 Nikola Tesla for Kids Rigler Michelle; Rutherford Amy; Quinn Emily,8183zł
 TESLA Przewody zapłonowe - zestaw T282B,8148zł
 Wizard: The Life and Times of Nikola Tesla,8083zł
 Evaluation Of The Marketing Strategy Of Tesla Motors Inc,8031zł
 Nikola Tesla: Afterlife Comments on Paraphysical Concepts,8000zł
 Tesla Quartet: Haydn/Ravel/Stravinsky (CD),7999zł
 TESLA Przewody zapłonowe - zestaw T143G,7978zł
 TESLA Przewody zapłonowe - zestaw T410G,7954zł
 Die drei Geister von Tesla. Band 2 (Marazano Richard)(Twarda)(niemiecki),7913zł
 Tesla Zbiornik na wodę do RoboStar T30/T40 102261,7900zł
 Tesla zbiornik na wodę RoboStar T10,7900zł
 Tesla Airmouse Mmx8,7900zł
 Tesla Zbiornik na zanieczyszczenia do RoboStar T10/T30/T40 102156,7900zł
 TESLA Przewody zapłonowe - zestaw T738B,7857zł
 My Inventions (Tesla Nikola),7850zł
 Die drei Geister von Tesla 01 (Marazano Richard)(Twarda)(niemiecki),7830zł
 TESLA Przewody zapłonowe - zestaw T986B,7760zł
 TESLA Przewody zapłonowe - zestaw T708B,7760zł
 Baldocer Urban Grey Tesla 40x120,7748zł
 Unsere Seele kann fliegen: Über Nikola Tesla Außerkörperlichkeit heilige Orte im magischen Klangfeld biologische und kosmische Zyklen Gesichter de,7636zł
 Experiments with Alternate Currents of High Potential and High Frequency,7600zł
 TESLA Przewody zapłonowe - zestaw T995G,7566zł
 ZESTAW PRZEWODÓW KABLI ZAPŁONOWYCH T631B TESLA T631B,7566zł
 Teslagrad (Gra PS3),7501zł
 Tesla - Five Man Lonon Jam - Live (CD),7489zł
 Tesla: Man Out of Time,7450zł
 The Tesla Rotating Magnetic Field,7450zł
 Elmolino Tesla Blanco 60X60,7430zł
 TESLA Przewody zapłonowe - zestaw T722B,7372zł
 Filtr Powietrza Kabinowy Filtron K 1365A,7354zł
 Rapp - 1 - Zaginione dzienniki Tesli -smith (gnat),7284zł
 Where the Hell is Tesla? A Novel,7200zł
 TESLA Przewody zapłonowe - zestaw T899B,7178zł
 TESLA Przewody zapłonowe - zestaw T813B,7178zł
 TESLA Przewody zapłonowe - zestaw T870B,7178zł
 The Problem of Increasing Human Energy with Special References to the Harnessing of the Sun's Energy (Tesla Nikola),7085zł
 Tesla Model S (Diaz Julio)(Paperback),7035zł
 Teslagrad (Xbox One Key),6979zł
 Tesla vs Lovecraft (Xbox One Key),6979zł
 Defender Tesla 10000mAh Biały (83639),6962zł
 Electrical Wizard: Candlewick Biographies: How Nikola Tesla Lit Up the World (Rusch Elizabeth)(Twarda),6950zł
 Fezz Audio Lampa do wzmacniacza PCL86 (Tesla),6900zł
 TESLA Przewody zapłonowe - zestaw T707B,6790zł
 TESLA Przewody zapłonowe - zestaw T858B,6790zł
 Zap! Nikola Tesla Takes Charge - Slavin Bill,6717zł
 The Fantastic Inventions of Nikola Tesla,6700zł
 TESLA Przewody zapłonowe - zestaw T974B,6693zł
 My Inventions: The Autobiography of Nikola Tesla,6583zł
 TESLA Przewody zapłonowe - zestaw T496B,6499zł
 TESLA Przewody zapłonowe - zestaw T837B,6499zł
 TESLA Przewody zapłonowe - zestaw T629B,6499zł
 Famous Scientific Illusions,6467zł
 Nikola Tesla Puzzle Collection,6433zł
 Nikola Tesla,6429zł
 Nikola Tesla A Life From Beginning to End Hourly H,6317zł
 TESLA Przewody zapłonowe - zestaw T798B,6208zł
 TESLA Przewody zapłonowe - zestaw T962B,6111zł
 My Inventions,6042zł
 Kalendarz książkowy maxi 2020-2021 Tesla,5990zł
 Tesla Legacy (Perez K.K.)(Twarda),5950zł
 Zestaw przewodów zapłonowych TESLA T989B,5919zł
 Truth About Tesla,5900zł
 The Miracle of Nikola Tesla's Purple Energy Plates,5900zł
 A New System of Alternating Current Motors and Transformers and Other Essays,5850zł
 TESLA Przewody zapłonowe - zestaw T670B,5820zł
 TESLA Przewody zapłonowe - zestaw T785B,5820zł
 The Inventions Researches And Writings Of Nikola Tesla,5767zł
 Teslas irrsinnig böse und atemberaubend revolutionäre Verschwörung 1 MP3-CD,5748zł
 Tesla's Imprint,5700zł
 Inventions Researches and Writings of Nikola Tesla (Martin Thomas Commerford),5700zł
 Goodnight Mars (Mir Tesla),5700zł
 Nikola Tesla and the Electrical Future (Morus Iwan Rhys)(Twarda),5650zł
 My Inventions: The Autobiography of Nikola Tesla,5650zł
 The Problem of Increasing Human Energy,5633zł
 K 1346A,5626zł
 NIKOLA TESLA,5612zł
 Famous Scientific Illusions,5567zł
 TESLA Przewody zapłonowe - zestaw T471G,5529zł
 TESLA Przewody zapłonowe - zestaw T882B,5529zł
 My Inventions,5463zł
 Teslas irrsinnig böse und atemberaubend revolutionäre Verschwörung,5458zł
 Nikola Tesla (Hour The History),5450zł
 TESLA Przewody zapłonowe - zestaw T669B,5432zł
 TESLA Przewody zapłonowe - zestaw T239B,5432zł
 TESLA Przewody zapłonowe - zestaw T789G,5335zł
 Nikola Tesla a Albert Einstein na cestě časem,5321zł
 TESLA Przewody zapłonowe - zestaw T441B,5238zł
 TESLA Przewody zapłonowe - zestaw T885B,5238zł
 TESLA Przewody zapłonowe - zestaw T277B,5238zł
 TESLA Przewody zapłonowe - zestaw T883B,5238zł
 TESLA Przewody zapłonowe - zestaw T497B,5141zł
 Nikola Teslas Rtseluniversum (Galland Richard Wolfrik)(niemiecki),5098zł
 The Tesla Paradox (Rowe Lawrence),5067zł
 TESLA Przewody zapłonowe - zestaw T645B,5044zł
 The Problem of Increasing Human Energy (Tesla Nikola)(Paperback),5017zł
 Problem of Increasing Human Energy,4883zł
 Experiments with Alternate Currents of High Potential and High Frequency,4850zł
 Tesla 01 (Shusterman Neal)(niemiecki),4850zł
 TESLA Przewody zapłonowe - zestaw T967B,4850zł
 TESLA Przewody zapłonowe - zestaw T479B,4850zł
 TESLA Przewody zapłonowe - zestaw T876C,4850zł
 Perymetria,4827zł
 Zestaw przewodów zapłonowych TESLA T224G,4780zł
 Tesla: Shock [CD],4768zł
 Nick and Tesla's Solar-Powered Showdown (Pflugfelder Science Bob),4767zł
 Nick and Teslas Secret Agent Gadget Battle,4750zł
 True Wireless,4734zł
 Nick And Teslas Robot Army Rampage A Mystery With Hoverbots Bristle Bots And Other Robots You Can Build Yourself,4733zł
 On Light and Other High Frequency Phenomena,4717zł
 My Inventions (Tesla Nikola)(Paperback),4683zł
 TESLA Przewody zapłonowe - zestaw T840B,4656zł
 TESLA Przewody zapłonowe - zestaw T960B,4656zł
 TESLA Przewody zapłonowe - zestaw T973B,4559zł
 The Problem of Increasing Human Energy with Special References to the Harnessing of the Sun's Energy,4542zł
 My Inventions and Other Writings (Tesla Nikola),4517zł
 Tesla - člověk mimo čas,4465zł
 My Inventions: The Autobiography of Nikola Tesla,4450zł
 BIOGRAPHIC TESLA,4367zł
 TESLA Przewody zapłonowe - zestaw T705B,4268zł
 Pencil Case Embellished Manuscripts Tesla Sketch of a Turbine,4250zł
 Praktyka brandingu - Maciej Tesławski,4199zł
 Tesla RoboStar T10/T30 - SET lewa + prawa szczotka do czyszczenia,4190zł
 The Strange Life of Nikola Tesla,4050zł
 Victoria Sport Zestaw 100 Tesla,4042zł
 Nick and Tesla's Special Effects Spectacular,4006zł
 Nick and Tesla's High-Voltage Danger Lab,4006zł
 TESLA 6HR61 9V (981064a),4000zł
 Kalendarz 2020 Mini Tesla Sketch of a Turbine 12m - Paperblanks,4000zł
 Tesla Green+ AA 2450mAh 4szt (EM5039),3999zł
 Tesla - Twisted Wires & The Acoustic Sessions (digipack) (CD),3999zł
 Teslagrad (Gra PS4),3990zł
 Nikola Tesla's Electrifying Puzzle Book (Galland Richard Wolfrik),3983zł
 TESLA Przewody zapłonowe - zestaw T470G,3921zł
 FILTRON 1230A K FILTR PYŁKOWY KABINY WĘGLOWY TESLA MODEL S 15- FILTRON K1325A K1325A,3900zł
 Tesla Szczotka główna do RoboStar T50/60 103193,3900zł
 Electrical Wizard: Candlewick Biographies: How Nikola Tesla Lit Up the World (Rusch Elizabeth)(Paperback),3857zł
 Davidjkent - Tesla,3833zł
 Zestaw przewodów zapłonowych TESLA T459G,3763zł
 Elon Musk Biografia twórcy PayPala Tesli SpaceX,3740zł
 Model T to Tesla (Lightning Guides),3733zł
 Inventor Engineer and Physicist Nikola Tesla (Marsico Katie)(Paperback),3700zł
 My Inventions: The Autobiography of Nikola Tesla,3700zł
 My Inventions (Nikola Tesla),3667zł
 My Inventions Nikola Tesla's Autobiography (Savage Dr Duke)(Paperback),3617zł
 Experiments with Alternate Currents of High Potential and High Frequency,3600zł
 TESLA Przewody zapłonowe - zestaw T912B,3589zł
 TESLA Przewody zapłonowe - zestaw T481B,3589zł
 TESLA Przewody zapłonowe - zestaw T612B,3589zł
 My Inventions: Nikola Tesla's Autobiography,3550zł
 Who Was Nikola Tesla?,3533zł
 TESLA CR2450 BLISTER 4sztuki 032 290 57 01,3500zł
 TESLA CR2430 3V 270mAh 4szt,3500zł
 Strategia marketingowa. Instrukcja budowy silnej marki - Maciej Tesławski,3499zł
 Projektowanie strategii marki - Maciej Tesławski i Przyjaciele,3429zł
 Elon Musk. Biografia Twórcy Paypal Tesla Spacex,3429zł
 TESLA Przewody zapłonowe - zestaw T892B,3395zł
 Tesla RoboStar T50 - SET lewa + prawa szczotka,3390zł
 Nikola Tesla - zbraňové Systémy,3364zł
 TESLA Przewody zapłonowe - zestaw T830B,3298zł
 TESLA Przewody zapłonowe - zestaw T875B,3298zł
 Tesla czyli jak Elon Musk zakończy epokę ropy naftowej,3247zł
 Elon Musk. Biografia Twórcy Paypala Tesli Spacex. Wyd. 2 - Ashlee Vance,3241zł
 Vs Rakietka Do Tenisa Stołowego Tesla 400 ,3196zł
 Tesla Osłona szczotki głównej RoboStar T50/60 103458,3190zł
 Pułapka Tesli,3180zł
 TESLA Przewody zapłonowe - zestaw T709B,3104zł
 Techniki Promocji Sprzedaży - Maciej Tesławski,3099zł
 TESLA Przewody zapłonowe - zestaw T246B,3096zł
 TESLA Przewody zapłonowe - zestaw T647B,3007zł
 Tesla RoboStar T80 Pro - SET lewa + prawa szczotka,2900zł
 Zap! Nikola Tesla Takes Charge,2864zł
 Moderní Medicína,2818zł
 The Problem of Increasing Human Energy: With Special Reference to the Harnessing of the Sun's Energy,2813zł
 Konsument wierny jak pies - Maciej Tesławski,2635zł
 Pułapka Tesli,2626zł
 TESLA Przewody zapłonowe - zestaw T832B,2619zł
 CARTON BLUZKA DAMSKA SILVER ROCKET - TESLA,2495zł
 CARTON KOSZULKA SILVER ROCKET - TESLA,2495zł
 Nikola Tesla a jeho tajné vynálezy,2485zł
 My Inventions: The Autobiography of Nikola Tesla,2450zł
 Strategie geniuszy. Myśl jak Freud da Vinci i Tesla (e-Book),2450zł
 Nikola Tesla. Zapomniany geniusz,2394zł
 My Inventions - The Autobiography of Nikola Tesla,2365zł
 Tesla. Władca piorunów,2338zł
 TESLA Przewody zapłonowe - zestaw T784B,2328zł
 Pułapka Tesli (E-book),2245zł
 Nikola Tesla. Zapomniany Geniusz,2232zł
 TESLA Przewody zapłonowe - zestaw T336B,2231zł
 Trzy duchy Tesli. Spisek prawdziwych ludzi. Tom 2,2144zł
 Tesla. Władca piorunów,2131zł
 Moje Wynalazki. Autobiografia.,2125zł
 Niki i Tesla. Awantura o energię słoneczną,2124zł
 TESLA Przewody zapłonowe - zestaw T128B,2037zł
 Tesla Filtr HEPA do RoboStar T30,1999zł
 TESLA CR1620 3V (1099137156),1900zł
 Tesla CR2025 3V 165mAh (1099137110),1800zł
 Tesla CR2032 4szt (EM5035),1800zł
 Tesla Green+ AAA 800mAh 4szt (EM5038),1799zł
 Tesla Gold+ LR14 C 2szt (EM5023),1799zł
 Efekty Specjalne Na Miarę Oskara Niki I Tesla - „Science Bob” PflugfelderSteve Hockensmith ,1744zł
 Niki i Tesla. Efekty specjalne na miarę Oscara,1707zł
 Niki i Tesla. Magiczna rękawica supercyborga - Praca zbiorowa (EPUB),1707zł
 Niki i Tesla. Bunt armii robotów (MOBI),1700zł
 Niki i Tesla. Pojedynek tajnych agentów (EPUB),1700zł
 Niki i Tesla. Laboratorium pod napięciem,1700zł
 Tesla Gold+ LR14 C 2szt (EM5022),1500zł
 My Inventions And Other Writings,1490zł
 Tesla PR13 6szt (EM5040),1475zł
 Tesla PR312 6szt (EM5041),1475zł
 Niki i Tesla. Laboratorium pod napięciem,1462zł
 Niki i Tesla. Tom 4. Magiczna rękawica READ ME ,1441zł
 Niki i Tesla Efekty specjalne na miarę Oskara,1405zł
 Niki i Tesla. Awantura o energię słoneczną - Jeśli zamówisz do 14:00 wyślemy tego samego dnia.,1403zł
 Niki i Tesla. Bunt armii robotów,1403zł
 Laboratorium Pod Napięciem Niki I Tesla,1401zł
 Audiobiografia Nikoli Tesli,1399zł
 Niki I Tesla. Pojedynek tajnych agentów,1399zł
 Moje życie i wynalazki. Audiobook,1228zł
 TESLA CR1616 (981078a),1200zł
 TESLA CR2016 BLISTER 4sztuki 032 290 57 01,1200zł
 TESLA Przewody zapłonowe - zestaw T866B,1155zł
 Tesla Vs Lovecraft (Digital),1050zł
 TESLA CR1632 3V 137mAh 4szt,1000zł
 FEBI BILSTEIN Nakrętka koła  49072,943zł
 Tesla Gold+ LR6 AA 4szt (EM5020),825zł
 Tesla Gold+ LR03 AAA 4szt (EM5021),825zł
 Tesla Blue+ R3 AAA (EM5029),825zł
 Tesla Bateria R06 Aa Blue+ R06 10Szt Folia (Batts0Aabcw900X60),825zł
 Tesla Breaks the World! (Digital),732zł
 Nikola Tesla. Przyszłość jest moja (PDF),726zł
 Tesla Silver+ LR6 AA 4szt (EM5025),699zł
 Tesla Silver+ LR03 AAA 4szt (EM5026),699zł
 Tesla Effect A Tex Murphy Adventure (Digital),671zł
 Teslagrad (Digital),538zł
 Teslas Best Friend (Digital),528zł
 Tesla Blue+ R6 AA 4szt (EM5027),491zł
 Tesla Blue+ R3 AAA 4szt (EM5028),491zł
 Tesla LR27 (EM5034),359zł
 Bateria AAA R3 Blue+ Tesla,066zł
